Date,Open,High,Low,Close,Volume
2021-01-04,28.4989,30.8532,28.4513,30.2718,26423946
2021-01-05,29.9573,31.0534,28.7849,29.7857,25365481
2021-01-06,29.576,32.769,29.576,32.3878,60101666
2021-01-07,31.692,35.6189,31.3393,35.5427,56950505
2021-01-08,35.1423,37.5538,33.1884,36.1717,37338308
2021-01-11,36.7722,38.6976,34.1034,34.5895,34568517
2021-01-12,33.5125,38.0494,33.5125,38.0494,36095507
2021-01-13,39.4982,39.9366,36.7532,37.306,41846279
2021-01-14,36.2099,36.5435,33.7508,34.9803,36831962
2021-01-15,34.9803,36.3052,34.3322,35.7428,29274169
2021-01-18,35.6856,38.059,34.3036,34.3989,39726640
2021-01-19,33.7889,36.858,33.7889,34.3131,35169223
2021-01-20,33.9319,35.3616,32.8834,35.0947,25902611
2021-01-21,34.8945,36.6483,34.6562,35.3616,23205784
2021-01-22,35.0756,37.6491,34.8183,37.163,28282606
2021-01-25,37.2679,39.1455,35.6952,36.0383,30823393
2021-01-26,34.9898,35.047,32.4354,32.4354,34644468
2021-01-27,31.9303,32.8834,31.3298,32.0542,23740063
2021-01-28,31.6729,33.36,31.4727,31.7968,22948902
2021-01-29,32.2829,33.0264,30.2051,30.9485,24710682
2021-02-01,31.2726,31.5395,30.0526,30.5482,16734700
2021-02-02,31.0534,31.0534,29.3854,30.7388,20513426
2021-02-03,30.8437,30.9771,28.9469,29.4521,30771655
2021-02-04,29.271,29.719,28.3941,28.9469,15353615
2021-02-05,29.5474,29.5665,27.2599,27.3075,19916606
2021-02-08,28.0224,28.1082,25.8397,26.9549,24049513
2021-02-09,27.3361,29.5474,27.0025,29.3377,28006620
2021-02-10,29.3854,29.738,28.3464,29.2901,20488926
2021-02-18,29.6618,29.8333,28.3178,28.4227,18110991
2021-02-19,28.4132,28.5847,27.5267,27.7841,14438355
2021-02-22,28.1177,28.5943,27.2599,27.298,17464121
2021-02-23,27.0692,28.8325,26.6689,28.356,22114132
2021-02-24,28.5275,29.0327,27.5839,27.9842,17849734
2021-02-25,27.9747,30.5005,27.9747,28.7754,25383099
2021-02-26,27.9461,29.0804,27.5458,28.2225,24448614
2021-03-01,28.3655,28.6324,27.317,28.4132,16807662
2021-03-02,28.4513,28.8897,27.2122,27.8699,18054025
2021-03-03,27.3075,27.7174,26.9549,27.5267,13237917
2021-03-04,27.0978,27.3075,26.402,26.6213,15725044
2021-03-05,25.9827,26.5164,25.2011,25.6109,21806010
2021-03-08,25.7444,25.9159,23.0946,23.1614,24805222
2021-03-09,23.1614,23.3329,21.2932,21.4934,33303606
2021-03-10,21.7602,22.1796,21.4457,21.7602,20972913
2021-03-11,21.7126,22.3131,21.4552,22.1701,12254175
2021-03-12,22.1987,22.3893,21.4457,21.8841,12349963
2021-03-15,21.8937,22.0366,21.379,21.5791,10383083
2021-03-16,21.5791,23.7142,21.5219,23.1137,32905079
2021-03-17,22.7229,24.2384,22.6467,23.962,20667109
2021-03-18,24.3528,25.1439,24.3432,24.7436,17668210
2021-03-19,24.8675,25.8587,24.0192,24.8293,24172771
2021-03-22,24.3528,26.2114,24.3528,25.1534,18139500
2021-03-23,25.1248,25.3059,24.5148,25.1153,10875183
2021-03-24,24.9533,25.2583,24.0668,24.4004,8779050
2021-03-25,24.2098,24.5911,24.0001,24.2861,8965640
2021-03-26,24.3147,25.2583,24.3147,25.1534,8960204
2021-03-29,25.2583,26.3639,24.8579,25.5251,17148130
2021-03-30,25.6205,27.9271,25.6205,26.3258,27803479
2021-03-31,25.9731,26.1161,23.8286,24.4195,23763348
2021-04-01,24.734,25.4394,24.4672,25.2106,12053459
2021-04-02,25.6872,26.2209,25.0486,25.1153,11582356
2021-04-06,25.4775,25.5728,24.7912,25.1153,7704486
2021-04-07,25.2297,25.344,24.2575,24.8008,9692572
2021-04-08,24.4957,25.1534,24.4004,24.6864,8119562
2021-04-09,25.1058,26.383,25.1058,26.2209,29186325
2021-04-12,25.9255,26.1161,25.1534,25.7634,15875900
2021-04-13,25.5442,26.2877,25.182,25.8778,8569271
2021-04-14,25.8206,26.4116,25.6395,26.2591,11336681
2021-04-15,26.1161,26.1161,25.5061,25.9255,6693795
2021-04-16,26.0303,26.0589,24.3528,24.8008,13547777
2021-04-19,24.7817,25.344,23.7332,24.2193,24271283
2021-04-20,23.9429,24.0764,23.1614,23.6284,21978371
2021-04-21,23.495,24.0192,23.2471,23.9811,11108928
2021-04-22,23.8286,24.2575,23.495,23.6475,8502160
2021-04-23,23.7904,24.2956,23.495,23.8476,10976444
2021-04-26,24.2765,25.6491,24.0096,24.3051,22598435
2021-04-27,24.2575,24.2575,22.8563,23.6284,17917662
2021-04-28,23.6189,24.6387,23.3329,24.4767,15412970
2021-04-29,24.6197,24.7245,24.0001,24.0954,8893332
2021-04-30,24.0954,24.124,22.761,22.8849,19687890
2021-05-06,22.9993,24.4767,22.8278,24.3242,19942339
2021-05-07,24.2289,24.5911,23.7428,23.8095,9203376
2021-05-10,24.1145,24.1621,23.066,23.5331,10567382
2021-05-11,23.4854,24.5529,23.2662,24.1145,12537562
2021-05-12,23.8667,24.0001,23.4759,23.7714,6553072
2021-05-13,23.5521,24.2003,23.4473,23.6856,7590648
2021-05-14,23.6951,24.7817,23.5235,24.715,16637203
2021-05-17,24.8293,25.9159,24.8293,25.6205,19599407
2021-05-18,25.6109,27.1645,25.0581,26.6594,24356847
2021-05-19,26.7356,28.0986,26.3639,27.7746,27394856
2021-05-20,27.7364,28.07,27.2313,27.8794,17707652
2021-05-21,27.8127,27.8127,26.5259,26.8786,16458898
2021-05-24,26.4497,28.2225,26.4497,27.9747,19820943
2021-05-25,27.9938,29.0708,27.765,28.661,23606122
2021-05-26,28.661,28.68,28.0033,28.1177,16564907
2021-05-27,28.1177,28.8325,27.9175,28.7849,13286836
2021-05-28,28.5847,28.9374,28.1749,28.8325,10428711
2021-05-31,28.8897,29.2615,28.0986,28.804,19115652
2021-06-01,28.5943,29.6522,28.1463,28.2035,17717548
2021-06-02,28.0605,28.68,27.3361,27.5744,15623361
2021-06-03,27.6125,27.7936,27.0025,27.0692,13488697
2021-06-04,27.3266,27.5649,26.9358,27.2503,9440805
2021-06-07,27.5649,28.213,27.5649,27.8317,13199849
2021-06-08,27.6411,28.6514,27.5458,28.3846,17974778
2021-06-09,28.7944,29.3377,28.356,28.9946,21534729
2021-06-10,28.9565,28.9755,28.3274,28.661,12933626
2021-06-11,28.661,28.7372,26.8214,26.9072,24159317
2021-06-15,26.8024,26.8024,25.8206,26.4402,21975544
2021-06-16,26.2495,27.765,26.0875,26.6022,20093283
2021-06-17,27.0597,27.4886,26.1352,26.5069,12652508
2021-06-18,26.4878,27.4314,26.2209,26.8119,13534422
2021-06-21,26.7356,29.2233,26.688,28.7944,27003106
2021-06-22,28.9469,29.4044,28.6991,29.0708,22717615
2021-06-23,29.0804,30.9295,28.5943,30.4243,31131710
2021-06-24,30.2146,30.6721,29.6427,29.7857,18167071
2021-06-25,29.6808,30.3004,28.9565,30.2146,16637290
2021-06-28,30.3576,30.5005,29.576,29.6808,16219727
2021-06-29,29.738,29.8333,28.7944,28.9183,12817999
2021-06-30,29.3282,29.4044,28.6229,29.3377,10566381
2021-07-01,29.6427,29.881,27.746,27.9747,18435005
2021-07-02,27.6411,27.9747,26.3067,26.402,18332424
2021-07-05,26.3353,27.0216,25.7634,26.1352,17175378
2021-07-06,26.1447,27.6983,25.7348,27.5458,20760352
2021-07-07,27.2408,28.2797,26.8786,28.0414,16324863
2021-07-08,28.2996,30.8332,28.1371,30.5655,33568518
2021-07-09,30.3169,32.6497,29.9823,30.4029,39137827
2021-07-12,30.5941,30.9574,29.4755,29.5233,33332056
2021-07-13,29.5329,30.0874,29.0836,29.5233,15243113
2021-07-14,29.5425,29.6285,27.7259,28.1179,19596445
2021-07-15,28.1275,29.0453,28.1084,28.8828,13150963
2021-07-16,28.5864,31.0531,28.1944,30.4794,27736837
2021-07-19,30.6228,31.9804,30.1639,30.3934,25375636
2021-07-20,29.9249,31.7701,29.8293,31.1678,20177406
2021-07-21,31.1104,32.0856,30.6515,31.6267,23382508
2021-07-22,31.6458,31.8562,30.4029,31.2156,18176201
2021-07-23,31.2538,33.0417,30.7376,32.3629,26166626
2021-07-26,32.3437,34.5618,32.1717,32.7071,44146466
2021-07-27,32.6306,34.1985,31.7797,31.7797,37950840
2021-07-28,31.3686,31.7797,29.4469,30.6515,22580545
2021-07-29,31.1009,32.6975,30.881,32.2768,19799142
2021-07-30,32.0282,32.2959,30.4985,31.4355,23822988
2021-08-02,31.5502,34.5809,31.4355,34.5809,39136700
2021-08-03,34.514,36.8851,34.2368,35.0972,37751252
2021-08-04,34.7626,36.1393,34.7626,35.3076,24093132
2021-08-05,35.1833,38.6347,35.0877,37.6212,33798201
2021-08-06,37.5256,37.5734,36.0724,37.191,23247689
2021-08-09,37.191,38.1184,36.1967,36.4931,20428485
2021-08-10,36.2349,38.3574,36.2063,37.0763,22896905
2021-08-11,36.4548,37.1432,35.7091,36.1393,19281831
2021-08-12,36.1776,36.8086,34.6766,35.0685,19958195
2021-08-13,35.0016,36.2254,34.906,35.537,12893323
2021-08-16,35.384,35.9003,34.7052,35.0399,12443998
2021-08-17,35.0494,35.9003,33.4623,34.5045,16418030
2021-08-18,34.7148,36.0437,34.2176,35.2598,15693127
2021-08-19,35.298,37.1432,34.6861,36.3114,22806629
2021-08-20,34.6192,36.2158,32.6784,34.6096,40828990
2021-08-23,34.8582,37.4778,34.8391,36.9424,29648533
2021-08-24,35.8812,38.5582,35.2502,38.1758,31546958
2021-08-25,38.1949,38.2331,36.082,36.4644,20881675
2021-08-26,35.9481,37.0094,35.7951,36.0437,14401928
2021-08-27,36.2349,36.2349,34.3228,34.8678,19908325
2021-08-30,35.2598,36.5887,34.9921,35.3458,19548034
2021-08-31,35.6613,35.8525,34.4471,35.3745,12954855
2021-09-01,35.1355,35.3745,32.3151,33.1946,25507453
2021-09-02,32.7835,33.3381,32.0474,32.3629,18518665
2021-09-03,32.1239,32.5923,30.0683,31.9518,30344242
2021-09-06,31.4355,32.4107,30.5559,32.1239,19839083
2021-09-07,32.1143,32.5254,31.5598,31.9709,13715833
2021-09-08,31.9135,31.9326,31.2347,31.5693,9297512
2021-09-09,31.6363,31.8753,30.4985,31.7988,19346471
2021-09-10,31.8083,31.8275,30.4794,30.5559,19860896
2021-09-13,30.3742,30.6037,29.6381,30.3647,15880959
2021-09-14,30.4603,31.2443,29.6763,30.2213,14161179
2021-09-15,30.0874,30.9096,29.6381,30.489,11744583
2021-09-16,30.6419,30.7854,29.9727,30.0205,9528359
2021-09-17,30.2117,30.4029,29.2461,30.0301,10264761
2021-09-22,29.6381,31.5502,29.4947,31.1678,15450675
2021-09-23,31.2538,32.6019,30.8045,32.1047,17829847
2021-09-24,32.1143,32.2959,31.3303,32.0474,10984012
2021-09-27,32.0569,32.2959,31.445,31.8562,8467559
2021-09-28,31.7605,32.7931,31.6936,31.7032,10862966
2021-09-29,31.6171,31.9804,29.3704,30.3551,14826394
2021-09-30,30.4221,31.6936,30.4221,31.1391,13125589
2021-10-08,31.1104,31.3303,28.8254,29.2557,14525020
2021-10-11,29.3704,32.1812,29.3704,30.6037,34883014
2021-10-12,29.313,29.313,28.1084,28.5482,25660889
2021-10-13,27.5252,28.8445,26.9802,28.3665,18403934
2021-10-14,28.2327,29.4277,28.2327,29.1983,11579671
2021-10-15,29.1792,29.4277,28.443,28.9306,11023434
2021-10-18,28.8732,29.16,28.3283,28.7203,13471069
2021-10-19,28.7203,28.7203,27.965,28.0606,11119340
2021-10-20,28.0606,28.9688,27.965,28.921,14014631
2021-10-21,28.9019,29.0836,28.1084,29.0644,10677395
2021-10-22,28.6916,29.3321,28.5099,29.313,11804535
2021-10-25,29.4373,31.5024,29.313,31.4164,21688469
2021-10-26,31.206,31.7319,30.8236,31.0244,9306327
2021-10-27,32.7931,33.3381,31.6554,32.4489,24575767
2021-10-28,32.3246,32.7071,31.9135,32.1047,12626770
2021-10-29,31.9326,33.3667,31.9135,33.0321,17477772
2021-11-01,33.4623,34.6574,33.1277,33.8448,16277543
2021-11-02,34.2463,34.8964,33.4623,33.5771,17771092
2021-11-03,33.4528,34.3132,33.1373,34.0551,13231913
2021-11-04,34.3037,34.6574,33.7205,34.4471,11325079
2021-11-05,34.4089,35.7378,33.7683,33.8735,13746252
2021-11-08,33.9213,34.4089,33.099,33.9021,13074821
2021-11-09,34.3993,35.5657,33.8065,35.2215,18275800
2021-11-10,35.298,35.9003,34.7626,34.9825,15031243
2021-11-11,34.9921,35.2406,34.2272,34.428,10795310
2021-11-12,34.4949,36.1107,34.4949,35.5179,11564976
2021-11-15,35.6326,36.6843,34.0455,34.2272,16426557
2021-11-16,34.036,34.6957,32.6975,32.9269,15862038
2021-11-17,32.8791,33.7683,32.3915,33.3763,9979085
2021-11-18,33.4241,35.2789,32.9269,34.6383,14469749
2021-11-19,35.145,35.5657,34.6479,35.0877,13079645
2021-11-22,35.0877,35.537,34.7148,35.4032,11976581
2021-11-23,35.4605,35.4605,34.036,34.0647,16316615
2021-11-24,34.4758,34.753,33.1373,33.7778,12928178
2021-11-25,33.558,34.3037,32.6592,33.166,14287929
2021-11-26,33.2903,34.0169,33.0704,33.3572,7577755
2021-11-29,33.2424,35.0207,33.0799,34.6861,14989538
2021-11-30,34.6861,35.7569,34.4184,34.9442,17151293
2021-12-01,34.8964,35.1355,33.4623,33.9404,12390027
2021-12-02,33.8352,33.9404,32.4202,32.774,20613725
2021-12-03,33.013,33.7874,32.8027,33.6536,11985574
2021-12-06,33.6918,33.9977,32.9843,32.9939,9859827
2021-12-07,33.4337,33.5866,31.5693,32.1621,14925345
2021-12-08,32.2195,33.5101,32.076,33.3859,12530475
2021-12-09,33.2903,33.558,32.6784,33.3476,11342016
2021-12-10,33.1851,33.6344,32.9365,33.3667,8213195
2021-12-13,33.3667,33.4719,31.9996,32.9174,13397370
2021-12-14,32.8887,34.514,32.5541,34.3228,16295858
2021-12-15,34.1316,34.2654,33.558,33.5771,8861590
2021-12-16,33.5771,34.3037,33.4623,33.7205,6938832
2021-12-17,33.6249,33.8257,33.2329,33.6822,6945200
2021-12-20,33.2711,33.558,32.1717,32.468,11902477
2021-12-21,32.3533,32.7931,31.206,31.8466,10024601
2021-12-22,31.8848,32.1047,31.2443,31.4355,7982843
2021-12-23,31.4355,31.7223,31.1678,31.6171,8308964
2021-12-24,31.5598,31.7414,31.1773,31.5693,6268733
2021-12-27,31.6171,31.7127,30.814,31.0339,7070981
2021-12-28,31.0339,31.4546,30.8523,31.445,4977089
2021-12-29,31.4355,32.5063,31.1773,31.6649,12300456
2021-12-30,31.8275,33.6536,31.6841,33.3763,18800143
2021-12-31,33.252,35.0685,33.0608,34.189,23975710
2022-01-04,34.1698,34.7913,32.6784,32.8027,14827656
2022-01-05,32.621,33.1373,30.7662,31.3494,16500217
2022-01-06,30.9574,31.1678,29.7528,30.1926,23394367
2022-01-07,30.3073,30.7662,30.0205,30.2595,11288813
2022-01-10,30.2117,30.3647,29.4277,29.6572,10107373
2022-01-11,29.6954,29.8102,28.682,28.8732,10680723
2022-01-12,28.682,30.1735,28.682,29.5329,12405340
2022-01-13,29.5425,29.7241,28.835,29.3035,9427432
2022-01-14,29.1122,30.2117,28.9975,29.7146,6656413
2022-01-17,29.7241,30.9383,29.705,30.5846,7395887
2022-01-18,30.5846,31.6076,30.3551,31.4259,11979389
2022-01-19,31.3972,31.598,29.4564,29.6763,11806799
2022-01-20,30.2308,30.2308,26.7125,26.7125,32252408
2022-01-21,25.766,25.766,24.0451,24.9247,38401953
2022-01-24,24.6665,26.1771,24.6665,25.7756,17861440
2022-01-25,26.1389,26.4831,24.8099,24.8099,14683127
2022-01-26,25.0012,25.3167,24.2076,24.7239,12821612
2022-01-27,24.7621,24.9151,24.1885,24.2459,9650454
2022-01-28,24.8482,25.2019,24.1311,24.5614,9659186
2022-02-07,25.135,25.1828,23.5575,23.8539,17707357
2022-02-08,24.1503,24.1885,23.2133,24.1024,12507388
2022-02-09,23.8539,24.4275,23.6627,24.3606,10751570
2022-02-10,24.3893,24.4944,23.5862,23.8634,11388784
2022-02-11,23.6913,23.9495,23.4236,23.7105,9254058
2022-02-14,23.8921,24.2363,23.5575,23.8539,10440147
2022-02-15,23.8061,23.9877,23.5192,23.8921,13199144
2022-02-16,23.6627,23.9686,23.4714,23.9208,8735011
2022-02-17,23.9017,24.7908,23.7296,24.4753,14844457
2022-02-18,24.3797,24.3797,23.6913,24.0164,13242239
2022-02-21,24.112,24.5996,23.959,24.0738,8727077
2022-02-22,24.4753,24.4753,23.5192,23.6913,9882525
2022-02-23,23.6149,24.8577,23.6149,24.6665,16801211
2022-02-24,24.5614,25.5939,24.1885,25.1732,25303356
2022-02-25,24.6952,25.1446,24.4275,24.8195,17754433
2022-02-28,24.8482,25.4601,24.5709,25.2975,17829959
2022-03-01,25.4218,26.4926,25.1159,26.4448,22880082
2022-03-02,26.5117,26.5117,25.3071,25.4314,17117941
2022-03-03,25.7278,25.7278,24.3606,24.4849,15737569
2022-03-04,24.2841,24.6665,23.5957,23.7009,13930911
2022-03-07,23.873,24.0929,23.2324,23.6435,11977330
2022-03-08,23.6244,23.7391,22.6397,22.7735,14338453
2022-03-09,22.7735,23.003,20.5554,22.3624,22772882
2022-03-10,22.4102,22.9074,21.9035,21.9226,18359503
2022-03-11,21.8939,22.4676,21.3203,22.3528,18077571
2022-03-14,22.0373,23.6627,21.9513,22.9074,22062775
2022-03-15,23.5957,23.7869,21.9895,21.9895,15500508
2022-03-16,21.9895,22.4676,20.0583,21.9131,33686302
2022-03-17,21.9991,22.5249,20.0774,20.9379,37220128
2022-03-18,20.7562,20.957,20.0965,20.8423,27878084
2022-03-21,20.8231,21.7505,20.7658,21.3203,23816594
2022-03-22,21.3968,21.7983,21.1482,21.2247,17918353
2022-03-23,21.196,22.7544,21.0335,22.1425,25987198
2022-03-24,22.0851,22.2955,21.7314,22.0373,12177702
2022-03-25,22.1616,22.4102,21.7027,21.8653,12183800
2022-03-28,21.6071,21.7314,21.1291,21.2534,10274868
2022-03-29,21.7983,23.089,21.4733,21.9226,28961919
2022-03-30,21.7792,22.7735,21.7505,22.6205,17341369
2022-03-31,22.3337,22.4676,20.5841,21.5115,31679143
2022-04-01,21.1291,21.5689,21.0908,21.2534,12661310
2022-04-06,21.1386,21.1769,20.0965,20.412,20083646
2022-04-07,20.3642,20.8231,19.8958,19.9914,16640055
2022-04-08,19.9627,20.4216,19.7332,20.2782,11331403
2022-04-11,20.2113,20.2113,19.3412,19.5133,12141950
2022-04-12,19.5133,19.7045,19.0449,19.5229,10409271
2022-04-13,19.4942,19.4942,18.6815,18.7294,10832983
2022-04-14,18.7389,19.0066,18.5668,18.7772,10211801
2022-04-15,18.6433,18.9875,18.366,18.7294,9199115
2022-04-18,18.6529,19.5229,18.433,19.456,11359429
2022-04-19,19.456,19.7715,19.0544,19.2743,10972221
2022-04-20,19.2743,19.8766,18.9684,19.0831,9904648
2022-04-21,19.0353,19.3126,18.4712,18.5573,9120207
2022-04-22,18.4521,18.6815,16.7025,18.5764,8902517
2022-04-25,18.4425,18.4999,16.7216,16.7407,13112441
2022-04-26,16.9797,17.3909,16.4539,16.6642,14875624
2022-04-27,16.5113,17.802,16.1671,17.7064,16651106
2022-04-28,17.5916,19.2743,17.3335,19.1691,24751707
2022-04-29,18.9301,21.0908,18.7198,20.3355,26230730
2022-05-05,20.1921,21.8461,20.1635,21.7505,22983258
2022-05-06,21.2438,21.5019,20.804,21.1673,12622592
2022-05-09,21.1291,22.5249,20.8901,21.9704,17857611
2022-05-10,21.4159,22.764,21.3394,22.5823,18208932
2022-05-11,22.8213,22.9552,21.8174,21.8939,17169448
2022-05-12,21.8748,22.3337,21.674,22.2381,10370061
2022-05-13,22.2286,22.3624,21.9035,22.1234,5573710
2022-05-16,22.4963,22.6588,21.9895,22.1808,7842095
2022-05-17,22.1903,22.6301,21.7983,22.4771,7500443
2022-05-18,22.611,22.611,22.1808,22.3624,5922247
2022-05-19,22.0565,22.2668,21.6262,22.133,7323917
2022-05-20,22.2286,22.5249,21.9704,22.133,6500238
2022-05-23,22.066,22.8213,21.9131,22.6014,8075832
2022-05-24,22.5632,23.328,22.1616,22.2859,12429775
2022-05-25,22.0469,23.2611,21.9704,23.089,12259803
2022-05-26,23.4236,24.982,23.2611,24.8482,24233039
2022-05-27,25.1063,25.1063,24.0833,24.3032,14885097
2022-05-30,24.2937,24.351,23.7869,24.1789,11309235
2022-05-31,24.1311,24.4275,23.8156,24.3701,9312458
2022-06-01,24.1981,24.8195,24.0164,24.0451,10631974
2022-06-02,23.9973,24.2172,23.8061,24.1407,8986207
2022-06-06,23.9973,24.3893,23.8156,24.2745,12846854
2022-06-07,24.1216,25.1254,24.0451,24.9533,15219569
2022-06-08,24.7526,24.8864,23.5766,23.9973,14813147
2022-06-09,23.8252,24.3223,22.6492,23.0412,18823628
2022-06-10,23.1655,24.3128,23.1177,24.2076,15129424
2022-06-13,24.1885,24.4562,23.8826,24.4275,10556779
2022-06-14,24.0929,24.0929,22.7544,23.4428,15801130
2022-06-15,23.6722,24.2745,23.4236,23.4714,9735768
2022-06-16,23.2898,24.3223,23.2898,23.7296,11352672
2022-06-17,23.6244,24.6378,23.3854,24.2363,16651759
2022-06-20,24.2459,26.3301,24.1216,25.9572,29454987
2022-06-21,26.005,26.005,25.0298,25.4218,12624369
2022-06-22,25.3358,26.1006,25.135,25.5748,13686092
2022-06-23,25.3836,26.9611,24.9629,26.9228,21493273
2022-06-24,26.9611,28.3665,26.7412,27.2383,20205282
2022-06-27,27.3722,27.4582,26.6265,27.1141,9993591
2022-06-28,27.0854,28.2613,27.0089,28.0892,17753625
2022-06-29,27.8024,28.204,27.3722,27.5921,7578279
2022-06-30,27.5921,27.8514,26.8334,26.987,13116168
2022-07-01,27.0447,27.3616,26.5549,26.7854,9977995
2022-07-04,26.939,27.4768,26.1707,27.2271,8552895
2022-07-05,27.0255,27.2079,26.1899,26.9198,10587827
2022-07-06,26.6797,27.0831,25.9498,26.3628,10454521
2022-07-07,26.3916,26.891,26.2667,26.3628,9751791
2022-07-08,26.3628,26.5837,25.4696,25.4888,14237466
2022-07-11,25.4504,25.5368,24.0963,24.6725,15846065
2022-07-12,24.6821,26.8814,24.4996,25.6137,21260881
2022-07-13,25.6521,25.8634,25.0278,25.2871,7367745
2022-07-14,25.2871,26.0747,25.1623,25.6137,9692083
2022-07-15,25.6233,26.3916,25.5753,25.5945,9531079
2022-07-18,25.7577,25.8826,24.8742,25.508,8164412
2022-07-19,25.4504,26.017,25.0567,25.2487,7863984
2022-07-20,25.364,26.2667,25.2871,26.2475,10552294
2022-07-21,26.2571,26.2667,25.0951,25.1431,12858042
2022-07-22,25.1239,25.4024,24.6821,25.2487,7999647
2022-07-25,25.4984,25.6329,24.394,24.903,8642928
2022-07-26,24.8646,25.2391,24.5861,24.9318,5839066
2022-07-27,24.8742,25.3448,24.7493,25.0951,5575165
2022-07-28,25.3352,25.5753,25.0182,25.4504,11088901
2022-07-29,25.5176,25.5368,24.2883,24.5765,12025378
2022-08-01,24.7781,25.1431,24.5765,24.7013,6951535
2022-08-02,25.0663,25.4312,24.0098,24.4132,11202802
2022-08-03,24.4132,25.6905,23.8658,25.1527,19785677
2022-08-04,25.2487,25.364,24.4324,24.7013,11558947
2022-08-05,24.5861,24.7973,23.9618,24.2691,12703584
2022-08-08,24.2019,25.7866,24.0386,25.4792,18968794
2022-08-09,25.4024,27.0351,24.951,26.6605,20398474
2022-08-10,26.2187,26.9678,26.1227,26.2764,13638310
2022-08-11,26.2764,26.4588,25.7001,26.2956,9112436
2022-08-12,26.2667,26.2667,25.2391,25.2968,13047800
2022-08-15,25.1623,25.5465,24.7781,24.9606,9469898
2022-08-16,24.9318,25.5945,24.807,25.1911,7877933
2022-08-17,25.2968,25.3544,24.8934,25.1047,5454907
2022-08-18,25.0567,25.4504,24.9414,25.0374,6773216
2022-08-19,25.0182,25.0182,24.2979,24.49,9394339
2022-08-22,24.49,24.7589,24.2307,24.6437,7798800
2022-08-23,24.5861,24.7397,24.1731,24.4228,6300607
2022-08-24,24.4228,24.4516,23.472,23.5969,8756846
2022-08-25,23.5969,23.8658,22.089,23.2031,17350102
2022-08-26,22.9822,23.5008,22.6653,22.7421,7485937
2022-08-29,22.454,23.5296,22.1947,23.2127,11513707
2022-08-30,23.2127,23.5104,22.5212,22.8958,6839817
2022-08-31,23.0782,23.0878,22.2427,22.3676,5874270
2022-09-01,22.5404,22.6749,22.089,22.3579,4559539
2022-09-02,22.3291,22.5212,22.0026,22.4444,7636362
2022-09-05,22.2331,22.4156,21.9546,22.1851,4440055
2022-09-06,22.2235,23.8946,22.2139,23.5296,16374780
2022-09-07,23.5008,23.933,23.3568,23.6257,11275606
2022-09-08,23.6737,24.7781,23.5296,24.7301,23577823
2022-09-09,24.6629,25.1047,24.2019,24.3172,11058203
2022-09-13,24.442,24.6437,24.2019,24.5476,8344034
2022-09-14,24.2691,24.9894,23.9234,24.538,10366702
2022-09-15,24.6053,24.6437,23.837,24.2787,9786565
2022-09-16,24.3268,25.8826,24.2979,25.2295,28180157
2022-09-19,25.2391,25.8442,24.0194,24.5765,19620889
2022-09-20,24.5861,25.0182,24.346,24.7781,13814717
2022-09-21,24.7685,25.873,24.4516,25.508,17321233
2022-09-22,25.4984,26.1611,25.1527,25.3736,18409420
2022-09-23,25.1335,27.1311,25.1335,26.5068,27252706
2022-09-26,26.1707,26.4108,25.1431,25.2679,19337945
2022-09-27,25.3256,25.6329,25.0567,25.46,9703557
2022-09-28,25.4024,25.8826,24.5476,24.7589,10122280
2022-09-29,24.9798,25.5272,24.7877,24.855,8523650
2022-09-30,25.0182,25.1527,23.6545,23.7217,10698716
2022-10-10,23.8946,24.0098,23.0494,23.2319,8072595
2022-10-11,23.2223,23.8177,22.9054,23.3279,6677927
2022-10-12,23.2223,23.7697,21.993,23.6929,11024934
2022-10-13,23.4432,24.8262,23.3472,24.5861,11746842
2022-10-14,24.5284,25.8346,24.3364,25.7769,11613485
2022-10-17,25.6905,26.6893,25.1719,26.2187,17915035
2022-10-18,26.2091,26.5068,25.6809,26.017,8327563
2022-10-19,25.9978,25.9978,25.6425,25.8346,5921595
2022-10-20,25.6905,26.3916,25.1815,25.7962,7790626
2022-10-21,26.017,26.3052,25.4216,25.6617,4929222
2022-10-24,25.9978,26.8814,25.6425,26.795,23687574
2022-10-25,26.4204,27.6593,26.4012,27.6209,19212129
2022-10-26,27.6401,27.8226,26.5165,27.6209,14487348
2022-10-27,27.7361,27.7361,26.6989,26.7469,8638851
2022-10-28,26.5453,27.3328,26.5453,26.6221,9048797
2022-10-31,26.5068,27.7169,25.7385,27.2944,14799710
2022-11-01,27.2656,27.4576,26.4972,26.8814,12347151
2022-11-02,26.6509,26.7373,25.7097,26.4972,18973649
2022-11-03,26.2956,26.7469,25.9498,26.3532,10846532
2022-11-04,26.3148,26.43,25.8538,26.0747,18152486
2022-11-07,26.1227,26.1995,25.1047,25.3064,17720991
2022-11-08,25.316,25.4792,24.6437,25.2679,15736640
2022-11-09,25.5753,25.6137,24.8838,24.9606,12124264
2022-11-10,24.7685,24.9702,24.1923,24.6725,12319220
2022-11-11,24.8838,25.1143,24.3652,24.7973,12564124
2022-11-14,24.6437,24.6629,23.8946,23.9138,19144932
2022-11-15,23.9234,24.2883,23.7793,24.1347,9310393
2022-11-16,24.2403,24.7781,24.1539,24.6053,14003201
2022-11-17,24.49,24.49,23.9138,24.0963,13959322
2022-11-18,24.1059,24.2499,23.7217,23.981,9153911
2022-11-21,23.9138,24.2019,23.8177,24.0482,6948681
2022-11-22,24.029,24.3075,23.9138,24.0194,10187095
2022-11-23,24.0674,24.0674,23.2895,23.7601,9007754
2022-11-24,23.8274,23.8754,23.3279,23.4816,10195359
2022-11-25,23.5296,23.9522,23.1839,23.5969,8497099
2022-11-28,23.3568,23.9138,23.2031,23.8754,6533143
2022-11-29,23.9618,24.2019,23.5296,23.7121,10012620
2022-11-30,23.8177,23.885,23.0494,23.1455,15321143
2022-12-01,23.2031,23.6257,23.1935,23.4432,10090646
2022-12-02,23.4336,23.5104,23.1359,23.2223,7268299
2022-12-05,23.2991,23.3279,22.6845,23.0782,13825281
2022-12-06,23.0878,23.2319,22.7805,22.9918,8696155
2022-12-07,22.8574,23.0206,22.6365,22.7709,10491375
2022-12-08,22.7133,22.7805,22.2619,22.3772,10704172
2022-12-09,22.406,22.5308,22.1755,22.454,10776745
2022-12-12,22.4636,22.6749,21.9738,22.6749,14647574
2022-12-13,22.6845,22.7421,22.1371,22.2139,9919167
2022-12-14,22.2811,22.4252,22.041,22.0986,6088333
2022-12-15,22.1179,22.3003,21.8009,22.2235,5002294
2022-12-16,22.1563,22.4348,22.0026,22.3579,6444136
2022-12-19,22.3579,22.5692,22.3099,22.406,7678221
2022-12-20,22.406,22.8477,22.3387,22.7613,11725119
2022-12-21,22.7517,22.7805,22.041,22.1275,7640005
2022-12-22,22.2427,22.2619,21.1286,21.2247,13356125
2022-12-23,20.8501,21.2055,20.514,20.5716,7736810
2022-12-26,20.5524,21.7529,20.3603,21.7145,13262713
2022-12-27,21.7625,21.8778,21.484,21.6473,5750328
2022-12-28,21.6473,21.7913,20.9462,21.2055,8152035
2022-12-29,21.2823,21.7049,21.0326,21.4744,7797318
2022-12-30,21.484,21.6473,21.3111,21.4072,3984132
2023-01-03,21.3495,22.4348,21.3303,22.3099,13785150
2023-01-04,22.3579,22.3964,21.9546,22.1467,7675507
2023-01-05,22.1563,22.3003,22.041,22.2715,6486879
2023-01-06,22.1467,22.454,22.1371,22.2331,6159367
2023-01-09,22.3003,22.3676,21.4168,21.8393,11254694
2023-01-10,21.7145,22.406,21.2439,22.0794,17784641
2023-01-11,22.0218,22.1371,21.7241,21.8201,9236876
2023-01-12,22.8766,23.2511,22.3195,22.3868,23726896
2023-01-13,22.2043,22.4156,21.9162,22.1947,7956306
2023-01-16,22.1851,22.5692,22.041,22.3772,8276532
2023-01-17,22.3387,22.7133,22.2139,22.3772,6417135
2023-01-18,22.3964,22.6173,22.3003,22.502,5300460
2023-01-19,22.4444,22.9534,22.3772,22.867,7257725
2023-01-20,22.9246,23.0302,22.8093,22.8958,5759672
2023-01-30,23.2703,24.3268,23.0014,23.6449,21027105
2023-01-31,23.7025,23.9138,23.3375,23.7505,8967969
2023-02-01,23.7505,24.4612,23.6161,24.346,15340802
2023-02-02,24.3844,24.4804,23.7313,23.7697,12621865
2023-02-03,23.568,23.7985,23.3279,23.6545,8281159
2023-02-06,23.5776,23.8562,23.3183,23.4144,6029796
2023-02-07,23.472,23.5008,22.9534,23.2511,6745453
2023-02-08,23.2511,23.3183,22.9054,22.9342,5912383
2023-02-09,22.9342,23.2799,22.8189,23.2607,5443918
2023-02-10,23.2703,23.3279,21.9834,22.2235,23069138
2023-02-13,22.2331,22.598,22.1947,22.4828,9530405
2023-02-14,22.5596,22.5692,22.2811,22.4828,5391634
2023-02-15,22.4444,22.5692,22.2331,22.4252,6940299
2023-02-16,22.3676,22.5692,21.897,22.1275,7604383
2023-02-17,22.1371,22.4252,21.9066,22.2043,6013803
2023-02-20,22.1371,22.2331,21.6281,22.0026,11305994
2023-02-21,22.0026,22.3291,21.897,22.1755,8202462
2023-02-22,22.089,22.2715,21.9546,22.089,6323058
2023-02-23,22.0698,22.1275,21.9354,22.0602,4248300
2023-02-24,22.0794,22.5692,22.0698,22.406,10338364
2023-02-27,22.4348,22.7133,22.2427,22.4348,8533917
2023-02-28,22.4348,22.55,22.3387,22.454,5548357
2023-03-01,22.502,22.5212,22.3195,22.4444,5817348
2023-03-02,22.4348,22.6557,22.3868,22.502,8793191
2023-03-03,22.502,22.9054,22.3579,22.8862,12924081
2023-03-06,23.2415,23.3375,22.6461,22.8574,15926497
2023-03-07,22.7421,22.7997,22.0986,22.0986,10632264
2023-03-08,21.993,22.3676,21.945,22.2043,6010053
2023-03-09,22.2139,22.2907,21.8009,21.8393,6836323
2023-03-10,21.8009,21.8201,21.4168,21.436,7805048
2023-03-13,21.2727,21.5512,21.071,21.4072,8891293
2023-03-14,21.4072,21.4648,20.9846,21.1959,8557290
2023-03-15,21.2151,21.5416,21.2151,21.4648,7008591
2023-03-16,21.6088,22.4444,21.5416,21.993,25302574
2023-03-17,21.8201,22.3195,21.8105,22.2427,13073881
2023-03-20,22.1947,22.3483,21.6761,21.7049,8304990
2023-03-21,21.9834,22.4252,21.9066,22.2043,15315656
2023-03-22,22.1082,22.3772,21.9546,22.2907,8631702
2023-03-23,22.2043,22.2523,22.0026,22.2043,6278832
2023-03-24,22.2715,22.3099,21.8778,21.9066,9679854
2023-03-27,21.897,21.9834,21.2535,21.4936,13967786
2023-03-28,21.5032,21.6569,21.3687,21.4456,6376066
2023-03-29,21.3207,21.5032,21.0998,21.2439,5446692
2023-03-30,21.1767,21.4456,21.1767,21.4072,4374364
2023-03-31,21.3303,21.5128,21.3303,21.388,4087306
2023-04-03,21.4168,21.532,21.2631,21.4936,9066804
2023-04-04,21.4168,21.4648,21.1479,21.2247,7477000
2023-04-06,21.1575,21.3783,20.927,21.3399,9106909
2023-04-07,21.3976,21.5128,21.2535,21.3591,4699599
2023-04-10,21.5128,21.7241,21.4072,21.5128,9261239
2023-04-11,21.5032,21.5032,21.1479,21.1959,8918664
2023-04-12,21.1575,21.3783,21.0422,21.1767,7042725
2023-04-13,21.1863,21.2631,20.8982,21.071,5694689
2023-04-14,21.071,21.1575,20.8309,20.9366,8482477
2023-04-17,20.8693,20.9942,20.7061,20.8501,7950240
2023-04-18,20.8885,20.9366,20.7733,20.7925,6157426
2023-04-19,20.7925,21.2247,20.466,21.1671,12682846
2023-04-20,21.1286,21.1286,20.6773,20.7541,7858090
2023-04-21,20.6773,21.3111,20.6484,20.9078,10875304
2023-04-24,20.9078,20.9174,20.0722,20.4372,12127822
2023-04-25,20.2739,20.5044,19.7841,20.2547,7886130
2023-04-26,20.2547,21.2151,20.2547,21.0902,13199665
2023-04-27,21.0902,21.7337,20.927,21.5032,12476080
2023-04-28,21.4456,21.532,20.975,21.4072,8509659
2023-05-04,21.3687,21.7817,21.2727,21.7721,11557392
2023-05-05,21.7433,21.7433,21.2151,21.5416,6364714
2023-05-08,21.58,21.897,21.5416,21.7625,8916469
2023-05-09,21.7625,22.2619,21.4648,21.5128,12986338
2023-05-10,21.5128,21.5128,20.8693,21.1479,8987206
2023-05-11,21.1479,21.3687,21.0518,21.2151,4631206
2023-05-12,21.2439,21.4456,20.9174,20.927,4719480
2023-05-15,20.8309,21.8489,20.7637,21.7625,10895596
2023-05-16,21.7721,22.1851,21.7049,21.9162,10168264
2023-05-17,21.9162,23.2223,21.8009,23.0975,32499959
2023-05-18,22.6653,23.5776,22.5692,22.963,22723415
2023-05-19,22.7997,23.1647,22.6461,22.8574,10713461
2023-05-22,22.8381,23.0014,22.3291,22.9438,14407152
2023-05-23,22.7997,23.3087,22.7325,22.9342,10759355
2023-05-24,22.8381,23.0494,22.4732,22.9342,11897994
2023-05-25,23.0302,23.376,22.8093,23.2415,9722357
2023-05-26,23.0975,23.1359,22.3676,22.6941,12140800
2023-05-29,23.3856,23.5296,22.7901,22.9726,13991382
2023-05-30,22.7613,22.9726,22.3387,22.9246,9483863
2023-05-31,22.9054,24.6053,22.7805,23.7793,30754799
2023-06-01,23.7505,23.7505,23.1359,23.2799,12191884
2023-06-02,23.2895,23.4048,22.7805,22.8574,9992538
2023-06-05,22.6845,22.9054,22.5212,22.6461,7471871
2023-06-06,22.5692,22.8093,22.4252,22.5212,8226919
2023-06-07,22.406,22.55,22.0122,22.2427,8313459
2023-06-08,22.2523,22.2715,21.897,21.9834,4650475
2023-06-09,22.0122,22.1371,21.6377,21.9738,7312501
2023-06-12,22.0026,22.0698,21.7049,21.8009,5719849
2023-06-13,21.8201,22.2619,21.8201,22.1563,7669015
2023-06-14,22.1947,22.2331,21.3303,21.3495,12231666
2023-06-15,21.3111,22.2523,21.2823,21.9834,8290552
2023-06-16,21.897,22.5596,21.8585,22.4828,9595746
2023-06-19,22.4252,22.8862,22.2715,22.55,7623961
2023-06-20,22.55,23.2607,22.4156,23.059,13536140
2023-06-21,23.1071,23.1743,22.7421,22.8093,7916787
2023-06-26,22.7421,22.963,22.5116,22.5884,6468642
2023-06-27,22.6077,23.0686,22.5212,22.9534,8458848
2023-06-28,22.9438,23.2031,22.5308,23.1455,10411154
2023-06-29,23.1842,23.8416,23.0391,23.2228,12665286
2023-06-30,23.2518,25.1178,23.2518,24.47,32423653
2023-07-03,24.47,25.3208,24.1896,25.1468,27489345
2023-07-04,25.1178,25.2628,24.8181,25.0018,10841528
2023-07-05,24.9824,24.9921,24.441,24.5087,10159546
2023-07-06,24.499,24.6537,24.0736,24.0736,10417143
2023-07-07,24.0736,24.2863,23.8899,24.0253,7958427
2023-07-10,24.0253,24.267,23.7062,23.9479,7040800
2023-07-11,23.8899,24.3153,23.8899,24.209,7052461
2023-07-12,24.2186,24.2283,23.6095,23.6095,6439951
2023-07-13,23.7932,23.8513,23.6192,23.6676,5437700
2023-07-14,23.6482,23.8416,23.4162,23.4839,6027525
2023-07-17,23.4645,23.7256,23.2808,23.4259,6347302
2023-07-18,23.4065,23.9576,23.3485,23.8319,7600945
2023-07-19,23.8706,23.8706,23.1261,23.3388,7584507
2023-07-20,23.2228,23.4452,22.7974,22.9038,6317510
2023-07-21,22.8941,23.3872,22.8264,23.0585,7259631
2023-07-24,22.9134,23.7642,22.8748,23.5902,9049303
2023-07-25,23.6289,23.7642,23.2035,23.6095,7416601
2023-07-26,23.5419,23.8222,23.3678,23.7546,5684844
2023-07-27,23.7546,24.1026,23.4452,23.5999,9891682
2023-07-28,23.5225,23.7739,23.2228,23.4162,8049882
2023-07-31,23.4355,23.8803,23.2422,23.5419,9101917
2023-08-01,23.5419,23.6482,23.1165,23.1842,5370600
2023-08-02,23.1938,23.4645,23.1648,23.4355,4565559
2023-08-03,23.4259,23.6289,22.7684,22.9618,6972377
2023-08-04,22.9328,23.4742,22.8264,23.3775,7624300
2023-08-07,23.3388,23.6966,23.3002,23.5419,5914147
2023-08-08,23.5419,23.7062,23.1938,23.5419,6381900
2023-08-09,23.4452,23.8706,23.1551,23.8609,8123449
2023-08-10,24.0736,24.0833,22.9134,23.1358,11953843
2023-08-11,23.1261,23.4645,22.8748,23.0101,5967639
2023-08-14,22.8168,23.1358,22.6524,22.9811,4195184
2023-08-15,23.0101,23.0681,22.5944,22.8844,3837661
2023-08-16,22.7491,22.9618,22.14,22.5654,6895706
2023-08-17,22.5074,23.9673,22.4107,23.5419,15383118
2023-08-18,23.4259,24.4023,23.2808,23.9479,13910248
2023-08-21,24.0059,24.2573,23.6095,23.8609,7926242
2023-08-22,23.8706,24.615,23.8706,24.4893,12135729
2023-08-23,24.4313,24.5957,24.0059,24.0253,9330662
2023-08-24,24.151,24.209,23.6095,24.0543,5297578
2023-08-25,23.8222,24.151,23.2518,23.6192,8428862
2023-08-28,24.5377,24.7697,22.8941,23.0585,10913200
2023-08-29,22.8748,24.0543,22.8168,23.9093,8422415
2023-08-30,23.9189,24.267,23.6966,23.6966,4946131
2023-08-31,23.6192,23.8803,23.5032,23.7546,4550000
2023-09-01,23.6869,23.7836,23.2228,23.3098,4275724
2023-09-04,23.3872,23.6095,23.3195,23.5805,5053004
2023-09-05,23.4355,23.6192,23.3388,23.3678,2917175
2023-09-06,23.3969,24.6537,23.0101,24.47,12635033
2023-09-07,24.4603,24.7407,24.1896,24.3927,7868106
2023-09-08,24.3153,25.4948,24.2573,25.0501,18183262
2023-09-11,25.0888,25.1661,23.9769,24.499,12238049
2023-09-12,24.499,24.615,24.151,24.296,6251560
2023-09-13,24.296,24.296,23.6869,23.8513,4684900
2023-09-14,23.9769,24.7311,23.6579,24.4507,7840062
2023-09-15,24.5184,24.5184,23.9963,24.3443,5602471
2023-09-18,24.1896,24.7697,23.7932,24.6247,9169099
2023-09-19,24.615,24.615,23.8996,24.0156,5346258
2023-09-20,23.9963,24.1413,23.8319,23.8899,2707986
2023-09-21,23.8222,24.3637,23.6095,23.9576,5594628
2023-09-22,23.9479,24.325,23.8996,24.296,4032757
2023-09-25,24.2573,24.296,23.5709,23.7159,6355176
2023-09-26,23.7352,23.8899,23.2035,23.3292,5311400
2023-09-27,23.3678,24.0349,23.2422,23.8803,5320315
2023-09-28,23.8706,24.1026,23.7642,23.9673,4842333
2023-10-09,23.9576,24.1896,23.6386,23.9769,3169636
2023-10-10,24.1703,25.1371,24.1703,24.9631,13771381
2023-10-11,24.9437,25.0791,24.093,24.093,10049597
2023-10-12,24.209,24.6634,23.6966,23.7836,8377000
2023-10-13,23.7546,24.064,23.7546,23.7836,5104040
2023-10-16,23.7836,24.0833,23.4452,23.8706,5603508
2023-10-17,23.7352,24.7504,23.6869,24.4507,8483656
2023-10-18,24.354,24.5764,23.8899,24.0253,5138358
2023-10-19,23.9963,24.3733,23.8222,23.8513,6611600
2023-10-20,23.7352,23.9769,23.3678,23.4742,5618543
2023-10-23,23.3872,24.3637,23.2422,23.7739,8844890
2023-10-24,23.8029,24.1606,23.4065,23.9093,7653193
2023-10-25,24.0253,24.702,23.7352,24.0446,7628970
2023-10-26,23.9769,24.0059,23.5515,23.8803,6658599
2023-10-27,23.6869,24.0253,23.6579,23.8803,4311697
2023-10-30,23.4162,23.9383,23.4162,23.7642,7633352
2023-10-31,23.6386,24.3443,23.5129,24.122,8853522
2023-11-01,24.0736,24.1703,23.5032,23.5709,6796691
2023-11-02,23.5709,23.7449,23.2808,23.4549,4516300
2023-11-03,23.3678,23.5322,22.053,22.314,21632982
2023-11-06,22.3237,22.5364,22.2173,22.4397,13360440
2023-11-07,22.43,22.4397,21.908,22.2367,15514501
2023-11-08,22.1207,22.2463,22.024,22.1497,6697960
2023-11-09,22.1207,22.43,21.9756,22.1787,8449470
2023-11-10,22.1207,22.285,21.9563,22.0433,6014899
2023-11-13,22.0626,22.8458,21.5792,22.7394,18512934
2023-11-14,22.6137,22.9038,22.401,22.7878,9166086
2023-11-15,22.8554,22.8844,22.2463,22.3334,11262689
2023-11-16,22.2657,22.4107,22.1207,22.14,4818668
2023-11-17,22.0917,22.2463,22.0433,22.1207,4428146
2023-11-20,22.1207,22.7491,22.0626,22.5171,9189359
2023-11-21,22.459,22.5847,22.0917,22.1497,9396097
2023-11-22,22.0143,22.169,21.995,22.0143,4016912
2023-11-23,21.9853,22.1303,21.8596,22.0433,5441033
2023-11-24,22.024,22.024,21.3665,21.4149,8237789
2023-11-27,21.3569,21.5599,20.7768,21.5406,11627314
2023-11-28,21.5019,21.5019,20.9218,21.1732,10933238
2023-11-29,21.1538,21.5502,21.0958,21.3279,7694700
2023-11-30,21.4246,21.4246,21.0282,21.1055,3327835
2023-12-01,21.0668,21.3665,20.9605,21.2312,4127700
2023-12-04,21.3569,21.5792,21.2699,21.4826,4656351
2023-12-05,21.4826,21.4922,21.0958,21.2699,5387473
2023-12-06,21.1829,21.4439,21.1345,21.2022,3738230
2023-12-07,21.1538,21.3955,21.1248,21.2989,3585085
2023-12-08,21.2215,21.2699,20.4094,20.6608,9578537
2023-12-11,20.5931,21.3569,20.5738,21.3279,9737964
2023-12-12,21.2989,21.5116,21.1538,21.4342,4826441
2023-12-13,21.4246,21.6082,21.2505,21.2892,3907713
2023-12-14,21.3859,21.4536,21.1635,21.3665,3797951
2023-12-15,21.3859,21.4149,20.8541,21.0572,3839102
2023-12-18,20.8638,20.8928,20.2837,20.3901,6996560
2023-12-19,20.3224,20.3901,19.868,20.013,7480083
2023-12-20,20.0033,20.2064,19.4039,19.4426,10568037
2023-12-21,19.3362,19.5489,19.1719,19.4813,7517325
2023-12-22,19.4909,20.2257,19.4523,20.0904,12730618
2023-12-25,20.0807,21.2505,19.9647,20.8928,14818650
2023-12-26,20.9315,21.2505,20.3901,20.9798,11674206
2023-12-27,20.9605,20.9992,20.5061,20.7865,7485295
2023-12-28,20.7381,21.4439,20.7381,21.2602,8494208
2023-12-29,21.2119,21.6856,21.1442,21.4149,5632395
2024-01-02,21.3472,22.2173,21.2795,21.4246,13117000
2024-01-03,21.3665,21.7533,21.1538,21.3472,6192003
2024-01-04,21.3472,21.6566,21.1248,21.2795,7157200
2024-01-05,21.2795,21.2795,20.2644,20.4287,10227360
2024-01-08,20.4964,20.5351,19.868,19.868,6673300
2024-01-09,19.9453,20.013,19.3266,19.4716,9433840
2024-01-10,19.4716,19.7036,18.7562,18.8528,10351999
2024-01-11,18.8528,19.2009,18.5628,19.1525,9114960
2024-01-12,19.0945,19.4716,18.9302,19.1235,6435458
2024-01-15,19.0269,19.1622,18.7658,18.9108,6744161
2024-01-16,18.8528,19.0365,18.2437,18.6305,8329709
2024-01-17,18.6305,18.7078,17.886,18.0891,6467685
2024-01-18,17.9924,18.1857,17.5573,18.1471,7439057
2024-01-19,18.1374,18.1374,17.6637,17.6733,5862179
2024-01-22,17.6637,17.8473,16.7065,16.8225,8999187
2024-01-23,16.7258,17.3059,16.6292,17.2093,9399457
2024-01-24,17.2093,17.4316,16.7355,17.2769,7384300
2024-01-25,17.2963,18.1084,17.2093,18.0794,14183280
2024-01-26,18.0794,18.2921,17.5573,17.6733,11606107
2024-01-29,17.741,17.8377,17.3156,17.509,8597112
2024-01-30,17.3156,17.6927,17.0642,17.1126,7268287
2024-01-31,17.1029,17.1802,16.3005,16.4648,8523522
2024-02-01,16.2714,16.6872,15.8074,16.0974,13767200
2024-02-02,16.0878,16.3971,15.1886,15.7107,11587026
2024-02-05,15.6817,16.2424,14.8502,15.8944,16073482
2024-02-06,15.8944,17.4413,15.5173,17.2383,17936020
2024-02-07,17.1706,18.9592,17.1609,18.9398,21986334
2024-02-08,18.9979,19.897,18.4854,18.6305,18918104
2024-02-19,18.9012,19.0269,18.1471,18.2824,13978608
2024-02-20,18.1761,18.3984,17.9924,18.2147,7851486
2024-02-21,18.1761,18.4854,18.031,18.1567,10534414
2024-02-22,18.0987,18.2921,18.0407,18.1857,8385410
2024-02-23,18.2727,18.2727,17.7507,18.1567,12184801
2024-02-26,18.1954,19.1429,18.1954,18.8722,21193878
2024-02-27,18.6788,18.9108,18.3018,18.8915,15787500
2024-02-28,18.7948,18.9689,18.1857,18.2051,13870150
2024-02-29,17.9924,18.8335,17.9924,18.8142,12775033
2024-03-01,18.8045,19.0655,18.5918,19.0269,12829789
2024-03-04,19.0752,19.0752,18.4661,18.7271,11610233
2024-03-05,18.6691,19.3846,18.6305,19.3846,19663533
2024-03-06,19.2299,19.2299,18.6111,19.0365,17806910
2024-03-07,18.9495,19.1332,18.4468,18.4661,12531026
2024-03-08,18.3984,18.7368,18.3501,18.5338,8453545
2024-03-11,18.4468,18.9495,18.4468,18.8818,9756652
2024-03-12,18.9398,19.3362,18.8142,19.2299,13796529
2024-03-13,19.3362,19.4329,18.9592,19.2299,12969808
2024-03-14,19.2396,19.3652,18.8045,18.9108,9207431
2024-03-15,18.8722,19.0752,18.7368,19.0752,6738972
2024-03-18,19.3652,20.2837,18.9882,20.0613,39828721
2024-03-19,20.2064,21.1732,20.2064,20.3127,42497252
2024-03-20,20.2837,20.3031,19.7036,19.9743,24890182
2024-03-21,20.1194,20.9895,19.4426,20.9895,37651019
2024-03-22,20.5931,21.0088,20.1097,20.4964,38240184
2024-03-25,20.5254,20.6704,19.4329,19.4813,27907663
2024-03-26,19.2976,19.5199,18.1954,18.4371,34115065
2024-03-27,18.2341,18.3694,17.2093,17.2383,33442943
2024-03-28,17.2576,18.9012,17.2576,18.8335,39612945
2024-03-29,18.7948,19.1912,18.3211,18.9108,22464282
2024-04-01,19.1235,19.2396,18.6401,18.7562,23792632
2024-04-02,18.8142,18.8238,18.0891,18.1761,22937369
2024-04-03,18.0407,18.0407,17.4606,17.6443,25874931
2024-04-08,17.596,17.6347,17.3349,17.3736,15365673
2024-04-09,17.4993,17.8377,17.422,17.712,14548061
2024-04-10,17.6733,17.6733,17.0642,17.4316,17829289
2024-04-11,17.1706,17.4316,17.1126,17.2576,12145259
2024-04-12,17.2866,17.4606,17.0159,17.0546,11398127
2024-04-15,17.1996,17.9247,16.8225,17.7507,24949528
2024-04-16,17.6927,18.1761,17.3833,17.4896,29143620
2024-04-17,17.4026,18.1567,17.1802,18.1567,23100117
2024-04-18,18.1857,18.8528,18.06,18.3598,33569326
2024-04-19,18.1567,18.8142,18.1374,18.8045,31654346
2024-04-22,19.0269,19.2396,18.5628,18.8818,32927501
2024-04-23,18.6111,18.6981,18.1761,18.1857,23465281
2024-04-24,18.1374,18.5435,18.1374,18.4951,20626366
2024-04-25,18.4661,18.4758,18.06,18.1664,17232804
2024-04-26,18.1857,18.7948,18.1374,18.6401,27862946
2024-04-29,18.6498,19.2009,18.6401,19.1912,26686449
2024-04-30,19.3266,19.3266,18.7852,18.9398,18737317
2024-05-06,19.2492,19.2976,19.0075,19.0752,19027525
2024-05-07,19.0752,19.665,19.0559,19.6069,29060670
2024-05-08,19.4909,19.5006,18.9689,19.0075,22030871
2024-05-09,18.9495,19.9937,18.8915,19.8487,36039775
2024-05-10,19.8487,19.9743,19.5683,19.752,23433894
2024-05-13,19.4813,20.1387,19.2009,19.752,22028593
2024-05-14,19.6843,19.9067,19.4329,19.5586,15197629
2024-05-15,19.5103,19.6263,19.0752,19.1042,16187608
2024-05-16,19.1525,19.3942,18.9012,19.0269,15447122
2024-05-17,19.0655,19.4329,19.0075,19.2976,21889177
2024-05-20,19.2879,19.9647,19.2106,19.7423,27721515
2024-05-21,19.5876,20.129,19.5393,19.8293,23087154
2024-05-22,19.7906,19.8293,19.4136,19.5393,15013401
2024-05-23,19.5876,19.6843,19.2202,19.2782,15298380
2024-05-24,19.2686,19.2686,18.8528,18.9012,12068234
2024-05-27,18.8818,19.0462,18.3694,19.0365,12736704
2024-05-28,18.8528,19.0075,18.6015,18.6015,9875786
2024-05-29,18.5725,18.8335,18.5241,18.6015,6525216
2024-05-30,18.4951,18.9398,18.3791,18.7078,10953873
2024-05-31,18.7175,19.4136,18.7078,19.2976,25045000
2024-06-03,19.3362,19.4233,19.0945,19.4136,16750192
2024-06-04,19.3072,19.6746,19.2782,19.6166,17698845
2024-06-05,19.5586,20.2644,19.5586,19.665,28863976
2024-06-06,19.6069,19.723,19.2106,19.2396,16290300
2024-06-07,19.3556,19.6746,19.0269,19.2492,14394800
2024-06-11,19.0752,19.6553,19.0075,19.6263,13984865
2024-06-12,19.5199,19.8487,19.4329,19.6843,12329655
2024-06-13,19.6456,19.81,19.4716,19.7036,10466599
2024-06-14,19.5779,19.6263,19.2202,19.5296,11951117
2024-06-17,19.4813,20.1,19.4813,19.7133,18647841
2024-06-18,19.6843,20.0323,19.6166,19.8196,11222856
2024-06-19,19.7423,19.781,19.4426,19.4426,9902097
2024-06-20,19.4426,19.4909,19.0559,19.1719,10597714
2024-06-21,19.1719,19.3266,18.8818,19.0075,9378101
2024-06-24,18.9785,19.0172,18.3308,18.3404,11643700
2024-06-25,18.4468,18.5628,17.9827,18.0504,9347850
2024-06-26,18.06,18.3501,17.5573,18.3211,11958597
2024-06-27,18.1761,18.2437,17.8957,17.915,7709644
2024-06-28,17.8074,18.5901,17.7585,18.3749,11119537
2024-07-01,18.3847,18.6782,18.2673,18.6586,7845677
2024-07-02,18.6488,18.7271,18.326,18.414,6179500
2024-07-03,18.4042,18.4336,17.9933,18.052,6614300
2024-07-04,18.0422,18.2183,17.8661,17.8857,5103400
2024-07-05,17.8661,18.0324,17.6117,17.9639,6458201
2024-07-08,17.9542,18.052,17.6215,17.6802,5958709
2024-07-09,17.6508,18.0324,17.416,17.9933,8273721
2024-07-10,17.8661,18.2183,17.8563,18.1009,6645563
2024-07-11,18.326,18.5803,18.2575,18.5119,8230763
2024-07-12,18.5021,18.5706,18.3162,18.3749,4497200
2024-07-15,18.2575,18.4336,18.0618,18.1988,5268900
2024-07-16,18.1596,18.2868,18.0618,18.2477,6073606
2024-07-17,18.1988,18.3944,18.1303,18.3064,7177600
2024-07-18,18.2379,18.6488,18.0031,18.6293,10985700
2024-07-19,18.5412,19.1772,18.4238,19.0989,18598810
2024-07-22,19.0989,19.2946,18.9913,19.1576,9464300
2024-07-23,19.0891,19.1674,18.3553,18.3749,11069756
2024-07-24,18.326,18.776,18.2673,18.3064,8927400
2024-07-25,18.1401,18.3162,17.9639,18.1401,7064600
2024-07-26,18.1401,19.2163,18.1205,19.0989,17302600
2024-07-29,19.1968,19.4805,18.9619,19.3337,16535900
2024-07-30,19.2359,19.5001,18.9717,19.275,10567400
2024-07-31,19.1772,19.8327,19.1772,19.7642,17183653
2024-08-01,19.6664,19.9893,19.5881,19.6273,14284754
2024-08-02,19.412,19.9012,19.2261,19.2946,12541995
2024-08-05,19.1772,19.5294,18.8837,18.9032,10839700
2024-08-06,19.1087,19.7153,18.9522,19.5099,15408437
2024-08-07,19.5099,19.7055,19.4022,19.5099,10518710
2024-08-08,19.5001,19.5001,18.913,19.1772,12424223
2024-08-09,19.1772,19.412,19.05,19.0793,7001800
2024-08-12,19.0598,19.2555,18.9522,19.2359,7452800
2024-08-13,19.2065,19.6468,19.1968,19.5979,10348635
2024-08-14,19.5783,19.5783,19.1772,19.1772,6859205
2024-08-15,19.1772,19.4609,19.0304,19.1087,8222851
2024-08-16,19.1772,19.1772,18.5021,18.7467,9953702
2024-08-19,18.5216,18.913,18.4727,18.4727,7175084
2024-08-20,18.5119,18.5999,18.1596,18.3357,5937196
2024-08-21,18.2673,18.4336,18.1988,18.2966,3900975
2024-08-22,18.3064,18.4434,18.0226,18.1205,5727801
2024-08-23,18.1988,18.326,17.8759,18.1009,7099550
2024-08-26,18.1009,18.1401,17.7683,17.8661,7095973
2024-08-27,17.7976,17.8563,17.5921,17.6019,5640943
2024-08-28,17.6019,17.8074,17.5824,17.7095,6590400
2024-08-29,17.6606,18.2183,17.5921,18.0716,8858478
2024-08-30,18.0716,18.551,18.0129,18.3847,8927384
2024-09-02,18.3749,18.4336,18.052,18.0716,6614660
2024-09-03,18.1498,18.3847,18.0129,18.0813,5357800
2024-09-04,18.0129,18.326,17.9052,18.2868,6415364
2024-09-05,18.2575,18.5412,18.2281,18.2966,4185833
2024-09-06,18.2868,18.4336,18.1009,18.1205,3844000
2024-09-09,18.1303,18.1694,17.8367,17.9052,4208408
2024-09-10,17.9542,18.2575,17.5432,18.1792,7008733
2024-09-11,18.0226,18.1792,17.9052,18.0226,4446934
2024-09-12,18.0716,18.3162,17.9248,17.9933,4285681
2024-09-13,18.0716,18.0716,17.6606,17.69,4820661
2024-09-18,17.69,17.7095,16.7996,17.2693,10943954
2024-09-19,17.328,17.5628,17.0638,17.2986,9194391
2024-09-20,17.2008,17.2203,16.8779,17.054,6358425
2024-09-23,16.9562,17.3671,16.9268,17.1616,6725498
2024-09-24,17.2497,17.7585,17.1323,17.7487,8886667
2024-09-25,17.8563,18.2281,17.7878,17.915,10112819
2024-09-26,17.8465,18.5706,17.7878,18.5314,9870600
2024-09-27,18.7075,19.324,18.7075,19.2163,11189456
2024-09-30,20.2241,21.1145,19.8425,21.0068,31065091
2024-10-08,23.1105,23.1105,21.7505,23.0713,38110266
2024-10-09,22.8756,22.8756,20.9481,21.3884,28200472
2024-10-10,21.4765,22.2201,20.8405,21.3004,25808335
2024-10-11,20.9188,21.2808,20.3024,20.547,18966539
2024-10-14,20.909,21.4765,20.6057,21.3297,21097370
2024-10-15,21.2906,21.9266,20.8992,20.9873,21376066
2024-10-16,20.6057,21.0166,20.5274,20.7035,11433630
2024-10-17,20.7035,21.5841,20.7035,21.1634,18011411
2024-10-18,21.0851,22.4256,20.9579,22.0733,22615025
2024-10-21,22.2201,24.2063,22.2201,23.3649,37236219
2024-10-22,23.4823,23.5605,22.6506,22.8561,25480871
2024-10-23,22.8463,24.0302,22.7191,23.5801,28994243
2024-10-24,23.5899,23.9617,23.2866,23.5997,17249400
2024-10-25,23.5116,23.7856,23.2279,23.678,15813832
2024-10-28,23.9519,24.5585,23.678,23.7171,24878705
2024-10-29,23.4823,24.0204,23.1692,23.1887,20960434
2024-10-30,23.2866,24.2161,23.2181,23.7269,19354691
2024-10-31,23.7464,24.1183,23.4823,23.8736,16072431
2024-11-01,23.6193,23.8639,23.1887,23.4627,15090520
2024-11-04,23.3355,24.6368,23.3355,24.2552,19739600
2024-11-05,24.7934,26.6817,24.6564,26.6817,45306806
2024-11-06,27.6895,28.6386,26.535,26.76,55222302
2024-11-07,25.9773,26.261,25.1456,26.1142,34460833
2024-11-08,26.1142,27.3862,26.0066,26.6524,27936110
2024-11-11,26.985,27.6797,26.124,27.5036,34219754
2024-11-12,27.6112,27.7384,25.9283,26.2904,26095093
2024-11-13,26.2219,26.2708,25.1456,25.4391,22129691
2024-11-14,25.4978,25.4978,24.7053,24.8912,15599577
2024-11-15,24.7934,25.1162,23.8639,23.9226,19525112
2024-11-18,23.9226,24.5194,23.5801,24.1378,17680312
2024-11-19,24.3335,24.8423,24.1867,24.7444,15654729
2024-11-20,24.7542,25.126,24.3824,24.9695,12268362
2024-11-21,24.9303,25.1554,24.6172,24.9695,9251418
2024-11-22,24.8716,24.901,23.4823,23.541,18420077
2024-11-25,23.4921,23.6584,22.4745,22.8169,17190904
2024-11-26,22.8267,22.9735,22.6702,22.7485,8695221
2024-11-27,22.7485,23.7171,22.6506,23.6975,14775844
2024-11-28,23.7367,24.2454,23.4823,23.629,11043077
2024-11-29,23.4823,24.1183,23.267,23.8932,10170200
2024-12-02,23.8932,24.0693,23.6193,23.9421,13006867
2024-12-03,23.9715,23.9715,23.5899,23.766,8839884
2024-12-04,23.678,23.8052,23.3159,23.4334,8065315
2024-12-05,23.4334,23.9519,23.4138,23.7367,7189968
2024-12-06,23.9226,24.4607,23.5899,24.3531,13350899
2024-12-09,24.3629,24.3629,23.6095,23.7269,11980809
2024-12-10,24.4607,24.6466,23.8736,23.9226,13719600
2024-12-11,24.0204,24.2454,23.9323,24.0008,9492306
2024-12-12,24.0008,24.9303,23.9617,24.4607,16701400
2024-12-13,24.2552,24.265,23.5116,23.5801,12574400
2024-12-16,23.678,23.678,22.6017,22.768,16019796
2024-12-17,22.7778,23.179,22.7289,22.7876,8072001
2024-12-18,22.8854,23.2572,22.8756,23.0126,6949802
2024-12-19,22.7778,23.1398,22.5234,23.0909,6245861
2024-12-20,23.0909,23.8052,22.9441,23.541,8869459
2024-12-23,23.5605,23.8443,23.1887,23.1985,7038329
2024-12-24,23.1887,23.6095,23.1887,23.5018,7083600
2024-12-25,23.4431,23.6682,23.0615,23.5801,9505456
2024-12-26,24.4118,24.8912,24.2454,24.4803,30935627
2024-12-27,25.2434,25.7816,24.5781,24.7444,38964071
2024-12-30,24.7444,25.6152,24.2944,25.5565,24208627
2024-12-31,25.263,25.488,24.7053,24.7151,17491003
2025-01-02,24.7249,24.9303,23.0713,23.1887,20049693
2025-01-03,23.042,23.5801,22.8561,22.9931,11720509
2025-01-06,22.8952,23.3844,22.7582,22.9539,9690558
2025-01-07,22.9637,23.3453,22.6017,23.2181,8871651
2025-01-08,23.1203,23.3062,22.5919,22.9441,8687500
2025-01-09,22.7093,23.9617,22.6897,23.8247,13467501
2025-01-10,23.6584,24.5292,23.5899,24.0889,13631720
2025-01-13,23.6877,24.2552,23.404,23.5899,9112908
2025-01-14,23.5801,24.9206,23.3844,24.7836,16358556
2025-01-15,24.6075,24.7151,24.1085,24.2259,11001156
2025-01-16,24.265,24.539,23.4921,23.6095,13705948
2025-01-17,23.4921,24.4118,23.3844,24.3237,13835291
2025-01-20,24.3335,24.5292,24.0302,24.2063,8751360
2025-01-21,24.3042,24.3237,23.8052,24.1085,7501600
2025-01-22,24.1378,24.1378,23.3844,23.5605,9169800
2025-01-23,23.8247,24.0987,23.4138,23.4334,7485036
2025-01-24,23.4627,23.7562,23.3942,23.5801,7170633
2025-01-27,23.5801,23.6584,23.1887,23.2474,7563729
2025-02-05,23.3062,23.404,22.9441,23.2377,10159460
2025-02-06,23.2377,24.5488,23.1007,24.3629,19989379
2025-02-07,24.3629,24.6857,24.1183,24.4509,14050400
2025-02-10,24.4411,24.7053,24.2748,24.3922,12298700
2025-02-11,24.3629,24.3629,23.9617,24.0987,7385236
2025-02-12,24.0693,24.3042,23.8736,24.2161,10169810
2025-02-13,24.2161,24.6368,24.128,24.128,10882866
2025-02-14,24.0204,24.2552,23.6388,23.8541,11072700
2025-02-17,23.8736,23.9715,23.3649,23.6388,10953700
2025-02-18,23.6388,23.8052,23.1594,23.3159,9590439
2025-02-19,23.3257,23.6193,23.1203,23.4921,10784629
2025-02-20,23.4921,24.0302,23.2279,23.9617,13457646
2025-02-21,24.1476,24.4607,23.8541,24.2846,17755979
2025-02-24,24.2748,24.7151,24.04,24.4509,16791322
2025-02-25,24.265,24.4118,23.9323,24.0106,11158465
2025-02-26,24.0987,24.1672,23.2866,23.6095,21853602
2025-02-27,23.6095,23.6682,23.2377,23.4921,16940656
2025-02-28,23.5116,23.7367,23.1887,23.2279,13896942
2025-03-03,23.2279,23.5605,23.1887,23.3844,11218071
2025-03-04,23.3942,24.3237,23.3355,24.2748,25416653
2025-03-05,24.2161,24.3726,24.0204,24.2454,15517501
2025-03-06,24.4607,24.5781,24.0889,24.3139,15121205
2025-03-07,24.177,26.5643,24.1476,25.9479,43803454
2025-03-10,25.9283,26.9557,25.8599,26.3099,26291048
2025-03-11,26.1827,26.7894,25.9381,26.5545,22196328
2025-03-12,26.6426,27.0144,25.9283,26.0751,20388500
2025-03-13,25.762,26.1142,25.3706,25.7327,15373066
2025-03-14,25.7327,25.7816,25.1554,25.4,21708833
2025-03-17,25.762,25.8403,24.7542,24.9108,37022510
2025-03-18,24.901,25.1358,24.7836,24.9499,17428500
2025-03-19,25.0673,25.263,24.8521,25.0771,19555423
2025-03-20,25.1065,25.625,24.8227,25.263,23000425
2025-03-21,24.9988,25.4098,24.5292,24.7836,18818000
2025-03-24,24.8031,24.8716,23.8736,24.4216,18358770
2025-03-25,24.3726,24.7444,24.2161,24.4118,12485798
2025-03-26,24.5585,24.6955,24.128,24.1378,11982799
2025-03-27,24.1476,24.3629,23.7856,24.1574,10501459
2025-03-28,24.1476,24.2259,23.7464,23.8247,9638129
2025-03-31,23.5997,23.766,23.0028,23.3159,14715598
2025-04-01,23.5018,23.8247,23.404,23.5703,11411451
2025-04-02,23.4725,23.6193,23.2377,23.4529,9245584
2025-04-03,23.2377,23.5312,23.0028,23.1887,10880148
2025-04-07,21.9168,22.2984,20.8699,21.0264,20664172
2025-04-08,21.0851,21.9755,21.0851,21.9168,17817821
2025-04-09,21.8092,23.1887,21.6135,23.0126,22396605
2025-04-10,23.2474,23.2866,22.5919,23.042,17886764
2025-04-11,22.7974,23.3355,22.7974,23.0224,12517700
2025-04-14,23.0713,23.4725,23.0028,23.13,12373400
2025-04-15,23.1692,23.1692,22.8072,22.8952,7601800
2025-04-16,23.0713,23.4236,22.6017,22.8854,9505900
2025-04-17,22.68,23.0224,22.6604,22.7289,10678427
2025-04-18,22.6506,22.6995,22.1418,22.406,12450700
2025-04-21,22.4549,22.9148,22.3766,22.8267,9781467
2025-04-22,22.9735,22.9931,22.5234,22.6408,8724600
2025-04-23,22.7387,22.8169,22.4354,22.6115,9542160
2025-04-24,22.5821,22.5821,22.2592,22.3375,8545258
2025-04-25,22.406,22.6408,22.406,22.4745,6752140
2025-04-28,22.4647,22.5528,21.9266,22.0342,9656562
2025-04-29,22.0146,22.2397,21.8287,22.1418,7645910
2025-04-30,22.1125,22.3082,22.0342,22.1712,8497378
2025-05-06,22.3082,22.6897,22.3082,22.6702,13042000
2025-05-07,23.0224,23.6682,22.7289,23.2964,31745226
2025-05-08,23.2181,23.6975,22.8169,23.5703,26401900
2025-05-09,23.7856,23.8247,23.042,23.1887,20203902
2025-05-12,23.3844,24.5292,23.2768,23.9911,44743198
2025-05-13,23.9519,23.9617,23.1985,23.2572,28605862
2025-05-14,23.1692,23.4431,23.1398,23.179,17378820
2025-05-15,23.1692,23.404,22.8561,22.8561,13519107
2025-05-16,22.8267,23.1496,22.7191,22.7387,12169246
2025-05-19,22.8561,23.1594,22.7974,23.0615,14541677
2025-05-20,23.0713,23.1105,22.768,22.9735,11437263
2025-05-21,22.8952,22.9441,22.7387,22.8659,10115459
2025-05-22,22.7974,23.1496,22.7289,22.8463,12254255
2025-05-23,22.7485,22.905,22.4941,22.5234,10766234
2025-05-26,22.6115,22.7093,22.406,22.6017,6289900
2025-05-27,22.5821,22.7289,22.3766,22.5625,7690160
2025-05-28,22.6115,22.7876,22.4549,22.5919,6939200
2025-05-29,22.5528,22.8072,22.4451,22.7876,8594028
2025-05-30,22.7974,22.9833,22.5332,22.9246,11113730
2025-06-03,22.9441,23.0028,22.5528,22.7191,11860073
2025-06-04,22.7191,22.7191,22.5625,22.68,7745231
2025-06-05,22.6897,22.8072,22.543,22.7582,10063866
2025-06-06,22.7778,22.9637,22.6017,22.6408,9956560
2025-06-09,22.7778,23.3062,22.7485,23.0713,19736493
2025-06-10,22.9735,23.042,22.5625,22.7191,11111200
2025-06-11,22.7191,22.8169,22.5528,22.768,6490500
2025-06-12,22.6897,22.6995,22.5625,22.5821,7245996
2025-06-13,22.6604,22.8365,22.5528,22.7387,11993143
2025-06-16,22.8561,22.8952,22.68,22.8365,9964227
2025-06-17,22.8659,22.8854,22.6604,22.8756,7553163
2025-06-18,22.8756,23.3551,22.7778,23.2572,19378300
2025-06-19,23.2572,23.2572,22.8463,23.0518,10866382
2025-06-20,22.9637,23.0615,22.7974,22.8659,6846769
2025-06-23,22.8756,23.1985,22.8756,23.1594,11070818
2025-06-24,22.9539,23.4334,22.8854,23.3159,15992200
2025-06-25,23.267,23.9323,23.2572,23.8834,21768444
2025-06-26,23.8736,24.4509,23.7758,23.8541,24288165
2025-06-27,24.0221,24.6054,23.9233,24.1506,16074910
2025-06-30,24.1506,26.2859,24.1506,25.7818,49301151
2025-07-01,25.7818,25.8806,25.1985,25.6236,27929002
2025-07-02,25.4259,25.6631,24.8525,25.07,19327930
2025-07-03,24.8822,25.3567,24.813,24.9217,15075299
2025-07-04,24.9316,25.2084,24.3681,24.8525,21981022
2025-07-07,24.7734,25.3567,24.6944,25.0008,13100010
2025-07-08,24.8921,25.4358,24.8723,25.3073,13011900
2025-07-09,25.2578,25.8806,25.2578,25.3369,15155710
2025-07-10,25.2578,25.327,24.7833,25.0997,10828687
2025-07-11,24.9613,25.505,24.9613,25.4061,13223240
2025-07-14,25.416,25.4951,25.2578,25.3468,8163575
2025-07-15,25.2282,25.416,25.0206,25.1194,7714300
2025-07-16,25.1689,25.3863,24.9514,25.1392,7702700
2025-07-17,25.1392,26.6418,25.0898,26.4046,28297854
2025-07-18,26.2167,26.6913,26.2069,26.4342,14937833
2025-07-21,26.2761,26.6418,25.9993,26.2464,12331503
2025-07-22,26.1772,26.4639,25.8015,25.9301,16168501
2025-07-23,25.8806,26.4441,25.7719,26.0685,14751500
2025-07-24,26.197,26.4837,26.0586,26.3354,11962800
2025-07-25,26.4935,27.3734,26.4935,27.0471,20407190
2025-07-28,27.0669,27.3141,26.5924,26.9186,16850884
2025-07-29,26.8494,27.1262,26.6616,27.0175,13240603
2025-07-30,27.057,27.492,26.3749,26.711,19567703
2025-07-31,26.4342,26.9681,25.9795,26.1278,17068033
2025-08-01,26.197,26.197,25.6335,25.8312,15670918
2025-08-04,25.8312,26.3749,25.7126,26.3551,14097224
2025-08-05,26.4441,26.7605,26.2563,26.3057,11541304
2025-08-06,26.3255,26.8494,26.1772,26.6814,16064411
2025-08-07,26.7901,26.8198,26.2266,26.2662,11948299
2025-08-08,26.197,26.3551,25.762,26.019,11222416
2025-08-11,26.019,26.3551,25.851,25.9004,12936200
2025-08-12,25.8905,25.9498,25.0898,25.3073,23772878
2025-08-13,25.3171,25.4852,25.159,25.3468,17859033
2025-08-14,25.3468,25.4951,24.9118,24.9118,20267132
2025-08-15,24.8328,25.1788,24.8229,25.1788,14414566
2025-08-18,25.1886,25.5939,25.1886,25.4457,19595796
2025-08-19,25.4951,25.4951,25.0206,25.0997,19271764
2025-08-20,25.0305,25.4555,24.9415,25.416,17900595
2025-08-21,25.505,25.5939,25.2282,25.3567,17914478
2025-08-22,25.4259,25.6928,25.1788,25.6533,23042504
2025-08-25,25.7027,25.9004,25.4852,25.8213,28991518
2025-08-26,25.851,25.851,25.4061,25.5149,19104299
2025-08-27,25.5149,25.6137,24.981,24.981,23961413
2025-08-28,24.9316,25.1096,24.2001,24.9118,26948195
2025-08-29,24.9217,25.2578,24.813,25.2578,18900330
2025-09-01,25.3962,25.3962,24.7438,25.159,23037676
2025-09-02,25.4555,25.6533,24.7734,25.0898,25483024
2025-09-03,25.1788,25.1788,23.6267,23.7157,30921500
2025-09-04,23.6267,23.7552,22.8754,23.0237,23358183
2025-09-05,23.0138,23.3598,23.0039,23.2214,13967177
2025-09-08,23.2906,23.6366,23.1522,23.6267,17137998
2025-09-09,23.6267,23.6267,23.3301,23.3894,11216081
2025-09-10,23.4092,23.6168,23.3894,23.4191,8777300
2025-09-11,23.3796,23.6662,23.1126,23.6366,13387082
2025-09-12,23.6465,23.6959,23.429,23.4685,11500675
2025-09-15,23.4784,23.4883,23.2016,23.2115,11533170
2025-09-16,23.3104,23.3104,22.8952,22.994,14574593
2025-09-17,22.9841,23.1621,22.9248,23.0731,12858647
2025-09-18,23.1028,23.1818,22.4701,22.6579,24556106
2025-09-19,22.5393,23.0138,22.5294,22.9051,18323153
2025-09-22,22.8853,22.9841,22.5986,22.7073,12045276
2025-09-23,22.7271,22.8952,22.2229,22.6777,15301242
2025-09-24,22.5393,22.8853,22.5294,22.8161,12821662
2025-09-25,22.737,22.7864,22.5393,22.6975,11304295
2025-09-26,22.6381,23.1028,22.5492,22.8556,14906401
2025-09-29,22.9644,22.994,22.5887,22.9051,11483263
2025-09-30,22.9051,23.4982,22.8161,23.4191,21210544
2025-10-09,23.6267,23.6366,23.1225,23.5575,18103901
2025-10-10,23.4389,23.6662,23.4092,23.5081,13062941
2025-10-13,23.0435,23.6069,23.0336,23.5377,13307669
2025-10-14,23.5377,23.5377,23.0336,23.083,17132997
2025-10-15,23.0435,23.1522,22.8457,23.1324,10519382
2025-10-16,23.1621,23.2609,22.8754,22.9446,13448987
2025-10-17,22.8952,23.0533,22.302,22.3712,14046986
2025-10-20,22.4404,22.5986,22.2427,22.3811,8675964
2025-10-21,22.391,22.5788,22.3515,22.4305,8289035
2025-10-22,22.391,22.4207,22.1834,22.2229,9507587
2025-10-23,22.2229,22.4602,21.9461,22.4404,8307515
2025-10-24,22.6184,22.9841,22.6184,22.8457,14293758
2025-10-27,22.7172,22.7172,22.2427,22.5195,24541358
2025-10-28,22.4899,22.5689,22.2526,22.3515,17525588
2025-10-29,22.2921,22.4701,22.1735,22.4207,14771528
2025-10-30,22.4305,22.4404,22.1834,22.2032,11611300
2025-10-31,22.2427,22.302,22.1636,22.2032,9656813
2025-11-03,22.2229,22.302,22.045,22.1735,9408977
2025-11-04,22.1439,22.2427,21.9066,21.9758,9889323
2025-11-05,21.7682,21.9956,21.7682,21.9659,6458466
2025-11-06,21.8967,22.2427,21.8967,22.1735,10781750
2025-11-07,22.1043,22.134,21.956,22.0055,8857200
2025-11-10,22.0351,22.1933,21.9066,22.1636,8139146
2025-11-11,22.2032,22.3416,22.1241,22.1735,9370798
2025-11-12,22.1735,22.1834,21.8967,22.0252,8256365
2025-11-13,21.9956,22.0747,21.956,22.0351,7199330
2025-11-14,22.0055,22.2131,21.9758,22.0055,9293005
2025-11-17,22.2328,22.3317,22.0055,22.0944,13737621
2025-11-18,22.0944,22.0944,21.7583,21.8572,10593049
2025-11-19,21.8473,21.9264,21.5606,21.6001,11368400
2025-11-20,21.6298,21.6397,21.2541,21.2739,10812788
2025-11-21,21.0465,21.2739,20.6412,21.0169,14372634
2025-11-24,21.0367,21.4222,20.9576,21.3827,11246060
2025-11-25,21.4519,21.4519,21.1256,21.1454,10783393
2025-11-26,21.1553,21.2443,20.8093,20.8093,10164629
2025-11-27,20.8093,20.8983,20.6709,20.6808,8657887
2025-11-28,20.6907,20.7401,20.493,20.6907,11300015
2025-12-01,20.9576,21.1256,20.8587,21.0169,13549356
2025-12-02,21.0367,21.0367,20.7203,20.7302,9747203
2025-12-03,20.7401,20.7599,20.2854,20.4238,16062303
2025-12-04,20.4238,20.8192,20.3644,20.661,11363720
2025-12-05,20.661,20.9576,20.5424,20.9477,11957171
2025-12-08,20.9872,21.3629,20.9872,21.1751,21096573
2025-12-09,21.1553,21.1553,20.5819,20.7203,18055065
2025-12-10,20.6215,21.0367,20.5918,21.0169,13395380
2025-12-11,21.096,21.3332,20.9477,20.9971,13106443
2025-12-12,21.007,21.3925,20.9279,21.2838,16929029
2025-12-15,21.2937,21.61,21.1652,21.4914,18851100
2025-12-16,21.3827,21.3925,20.7302,21.0663,17993400
2025-12-17,20.9081,21.0465,20.5622,20.918,16556131
2025-12-18,20.7698,22.1043,20.7104,21.5606,32804670
2025-12-19,21.5507,22.1439,21.5013,22.134,38167831
2025-12-22,22.2427,22.2526,21.8374,21.9165,24451904
2025-12-23,22.0252,22.1636,21.4914,21.5507,23961429
2025-12-24,21.3827,21.9066,21.3728,21.8473,18474235
2025-12-25,21.8473,22.5689,21.7484,22.4207,38080304
2025-12-26,22.5195,23.083,22.3811,22.9149,54746426
2025-12-29,22.737,24.0716,22.6876,24.032,83062871
2025-12-30,23.7948,23.8936,23.1522,23.251,57355865
2025-12-31,23.1423,23.597,22.9644,23.3598,44039932
2026-01-05,23.7651,25.5445,23.3301,24.5362,82659787
2026-01-06,24.4176,25.1985,24.0221,25.0502,71335086
2026-01-07,25.0107,25.0107,24.2001,24.3286,51330028
2026-01-08,24.121,26.197,24.0814,25.7126,84974870
2026-01-09,26.1574,27.8479,25.6631,26.7605,115721471
2026-01-12,27.1855,28.1741,26.6517,27.5612,107279552
2026-01-13,27.0867,27.0867,24.8328,25.1985,94555750
2026-01-14,24.902,26.019,24.5955,25.2183,79894359
2026-01-15,24.813,24.9316,24.1309,24.4571,52871668
2026-01-16,24.6252,24.8624,24.2693,24.5658,39247737
2026-01-19,24.5757,26.197,24.5757,25.9399,71568432
2026-01-20,25.7027,25.8806,24.724,25.0404,45638472
2026-01-21,24.7636,25.4358,24.7339,24.8525,27310965
2026-01-22,24.7932,26.2662,24.7734,26.0882,67196883
2026-01-23,26.2958,26.3156,25.7027,25.9399,49271437
2026-01-26,25.8114,25.8806,24.7932,24.981,45735738
2026-01-27,24.7833,25.6533,24.5164,25.4358,41229163
2026-01-28,25.4259,25.5445,24.7833,25.0107,33594891
2026-01-29,24.9613,25.2875,24.4769,24.6252,31144837
2026-01-30,24.5164,24.813,23.3796,23.8343,32498472
2026-02-02,23.8046,24.2001,23.3796,23.3894,22755553
2026-02-03,23.597,25.159,23.597,25.0305,52006055
2026-02-04,25.0107,25.8114,24.9909,25.3468,38083364
2026-02-05,25.2084,25.7323,25.0601,25.5149,36229205
2026-02-06,25.2084,25.4852,24.8624,25.0008,27081806
2026-02-09,25.4555,25.9597,25.3073,25.7027,34551188
2026-02-10,25.8707,26.1179,25.2677,25.8806,32980742
2026-02-11,25.8015,26.0289,25.5247,25.6928,19776903
2026-02-12,25.5939,26.0882,25.5346,25.8806,21337345
2026-02-13,25.9993,26.9483,25.9399,26.6122,53958308
2026-02-24,26.7011,26.889,26.2958,26.5825,33337041
2026-02-25,26.4441,26.6517,26.2563,26.3947,29972104
2026-02-26,26.2958,26.8395,25.8213,26.6616,36758577
2026-02-27,26.6221,27.1361,26.3749,26.7802,31177515
2026-03-02,26.889,27.7292,26.6023,26.8791,50905689
2026-03-03,26.7209,26.7901,25.1985,25.2677,48288738
2026-03-04,24.813,25.7521,24.7636,25.3962,24171636
2026-03-05,25.6236,26.0289,25.416,25.7917,23308757
2026-03-06,25.6533,26.9878,25.4555,26.2761,35121070
2026-03-09,25.9399,26.0783,24.902,25.8114,35946005
2026-03-10,25.8411,26.9285,25.8411,26.3354,21958329
2026-03-11,26.3749,26.543,25.5346,25.6335,24616535
2026-03-12,26.0783,26.3749,25.2677,25.4259,26221964
2026-03-13,25.0799,25.1788,24.121,24.2396,32948543
2026-03-16,23.8343,23.8442,22.9644,23.4092,41456038
2026-03-17,23.518,23.5278,22.7469,22.7765,25606247
2026-03-18,22.7864,22.9841,22.5096,22.9347,17589970
2026-03-19,22.5393,22.5887,22.0153,22.1043,20444822
2026-03-20,22.3515,22.3811,21.5606,21.5804,17738000
2026-03-23,21.1553,21.2739,20.4139,20.5918,25583068
2026-03-24,20.9081,21.1059,20.6116,21.0169,18445605
2026-03-25,21.1948,21.3827,21.0663,21.2739,17395668
2026-03-26,21.2838,21.3135,20.7104,20.8785,14727798
2026-03-27,20.6709,21.2047,20.6215,21.0663,12608819
2026-03-30,20.7302,21.264,20.5918,21.2443,17135264
2026-03-31,21.1948,21.61,21.0762,21.0861,19485655
2026-04-01,21.3925,21.442,21.1059,21.2937,11652185
2026-04-02,21.2245,21.353,20.6808,20.839,13997825
2026-04-03,20.7796,20.9081,20.4633,20.6017,11014319
2026-04-07,20.6017,20.75,20.4435,20.5226,8904904
2026-04-08,20.8587,21.4024,20.8587,21.3431,20310149
2026-04-09,21.1553,21.2443,20.9971,21.0564,11564218
2026-04-10,21.1948,21.5112,21.1652,21.2344,13403951
2026-04-13,21.2541,21.5013,21.1948,21.3925,13208501
2026-04-14,21.5013,21.6496,21.3332,21.6496,16179665
2026-04-15,21.7385,22.0153,21.6496,21.7089,21255145
2026-04-16,21.7089,21.788,21.4123,21.5705,18828585
2026-04-17,21.4617,21.5013,21.0564,21.4123,19702213
2026-04-20,21.3925,21.8967,21.353,21.7484,22606677
2026-04-21,21.9363,21.9363,21.3431,21.4617,16409146
2026-04-22,21.3135,21.442,21.264,21.3332,15626757
2026-04-23,21.353,21.5903,21.0663,21.2838,17795596
2026-04-24,21.2146,21.2344,20.661,20.7006,18996285
2026-04-27,20.3644,20.493,19.8504,19.9888,32218172
2026-04-28,19.8603,19.9492,19.1782,19.4648,29171195
2026-04-29,19.3759,19.8108,19.3363,19.7515,17895182
2026-04-30,19.7416,20.0382,19.6626,19.7713,19442755
2026-05-06,19.7911,20.4633,19.7911,20.2755,24917176
2026-05-07,20.3644,20.4238,20.1173,20.2854,18231385
2026-05-08,20.1964,21.0367,20.1173,20.9872,30390977
2026-05-11,21.1553,21.3827,20.9872,21.096,30414268
2026-05-12,21.1059,21.1454,20.6116,20.8884,21860514
2026-05-13,20.7796,20.9773,20.6412,20.839,19299542
2026-05-14,20.8488,20.9081,20.147,20.147,22841855
2026-05-15,20.0679,20.315,19.7416,19.801,17711318
2026-05-18,19.7713,20.1074,19.6823,19.9394,12041091
2026-05-19,19.9394,20.0481,19.7219,19.9987,12409177
2026-05-20,19.9492,19.9789,19.5736,19.6428,13176275
2026-05-21,19.6527,19.9097,19.188,19.2276,16755733
2026-05-22,19.2276,19.2968,18.7135,18.7531,24774002
2026-05-25,18.8816,19.0398,18.3675,18.6938,22130940
2026-05-26,18.6048,18.6443,18.071,18.3774,23006232
2026-05-27,18.3774,18.4763,17.9227,18.0512,16611261
2026-05-28,18.0215,18.2687,17.7645,18.0907,14611340
2026-05-29,18.0907,18.0907,17.5965,17.6162,15524900
2026-06-01,17.6162,17.7546,17.4778,17.6558,14163805
2026-06-02,17.6755,17.7447,17.29,17.5569,13145000
2026-06-03,17.5668,17.7942,17.4185,17.6063,13843538
2026-06-04,17.4976,17.6459,17.1615,17.4778,15978508
2026-06-05,17.5075,17.8535,17.3295,17.636,14792432
2026-06-08,17.5273,17.9622,17.2208,17.3493,23178459
2026-06-09,17.3394,17.4185,16.8946,17.1318,15236728
2026-06-10,16.9539,17.2208,16.8254,16.9341,12783748
2026-06-11,16.8155,17.033,16.5486,16.9539,15492641
2026-06-12,17.7942,18.6542,17.7052,18.6542,33361710
2026-06-15,18.4862,19.0299,18.3379,18.9014,44988587
2026-06-16,18.8124,19.0496,18.5949,19.02,27874908
2026-06-17,18.95,19.36,18.73,18.84,20467214
2026-06-18,18.61,18.95,18.34,18.66,17873698
2026-06-22,18.5,19.2,18.4,19.19,24674056
2026-06-23,19.09,19.3,18.2,18.31,22492536
2026-06-24,18,18.48,17.99,18.35,15664287
2026-06-25,18.33,18.42,17.71,17.82,19754510
2026-06-26,17.9,17.92,17.27,17.41,18939280
2026-06-29,17.4,17.6,17.15,17.49,16233313
2026-06-30,17.56,18.05,17.51,18.03,17532131
2026-07-01,18,18.21,17.86,18.01,18494269
2026-07-02,17.85,18.14,17.71,17.79,14558343
2026-07-03,17.88,18.9,17.86,18.7,28742500
2026-07-06,18.6,18.93,18.31,18.56,19137095
2026-07-07,18.54,19,18.17,18.95,25358481
2026-07-08,18.8,19.1,18.6,19.05,20414600
2026-07-09,18.95,19.8,18.66,19.69,33198353
2026-07-10,19.57,20.87,19.38,19.63,46456794
2026-07-13,19.4,20.11,18.75,20.02,37827512
2026-07-14,19.67,20.18,19.51,19.81,26976577
2026-07-15,19.66,19.85,19.15,19.78,27306957
2026-07-16,19.52,19.87,19.43,19.47,14551433
2026-07-17,19.35,19.5,18.53,18.56,20332172
2026-07-20,18.6,18.84,17.9,18.39,20983108
2026-07-21,18.34,18.99,18.34,18.76,18251413
2026-07-22,18.67,18.69,18.16,18.19,17012416
2026-07-23,18.15,18.48,18.05,18.45,12253943
2026-07-24,18.3,18.56,17.76,17.84,15341104
2026-07-27,17.67,18.15,17.63,18.13,11327191
2026-07-28,18.03,18.03,17.75,17.94,9276199
2026-07-29,17.96,18.67,17.94,18.6,17597351
2026-07-30,18.51,19.08,18.49,18.9,18581770
2026-07-31,18.85,19,18.68,18.73,18601378
2026-08-03,18.74,19.12,18.57,18.87,16971332
2026-08-04,18.87,18.95,18.59,18.61,15278767
2026-08-05,18.58,18.64,18.37,18.5,13760056
2026-08-06,18.48,18.5,18.11,18.27,14885100
2026-08-07,18.27,18.29,17.96,18.21,14687487
2026-08-10,18.28,18.66,18.15,18.64,16420401
2026-08-11,18.45,18.53,18.12,18.15,15468027